Clem,Daria,6020000000000,Splaiul Independentei Bucuresti
Ionescu Elena, Gabriela, 1991123456789, Bulevardul Unirii nr. 25 Cluj-Napoca
Maftei,Valentin,5020000000000,Splaiul Independentei Bucuresti
Mihai Ana, Gabriela, 1995110987654, Bulevardul 1 Decembrie 1918 nr. 12 Alba Iulia
Nicolescu Gabriel, Florin, 1982112345678, Strada Republicii nr. 7 Sibiu
Popa Ion, Vasile, 2001012345678, Strada Libertății nr. 5 Brașov
Popescu Andrei, Maria, 1980123456789, Strada Mihai Eminescu nr. 10 București
Radu Maria, Anca, 1989076543210, Aleea Florilor nr. 15 Timișoara
Vasilescu Alexandru, Ion, 1978054321678, Strada Victoriei nr. 8 Iași
